estimator,metric,region,t,p,partial_eta2,n,mean_delta_walking,mean_delta_control,q
partial,roi_to_wholebrain_z,Motor_L,-3.2454073161883703,0.0011728273596214465,0.1114182937878512,88,-6.34177702849379e-05,7.537154104904744e-05,0.0012094782146096167
partial_9block,between_network_z,Vis--SomMot,-2.659754920862023,0.007819752905629281,0.07767610106457803,88,-0.11886974328622626,0.12185361330934597,0.009624311268466808
partial,roi_to_network_z,Motor_L--SomMot,-2.6141029225563632,0.008946208235430688,0.07523140168660762,88,-1.848093126192822e-05,0.0005219641283970636,0.02952248717692127
partial_9block,between_network_z,Cont--Vis,-2.5247335580548613,0.011578603772981236,0.07053200945746668,88,-0.016397100353819194,0.16799928093407185,0.011578603772981236
partial,roi_to_network_z,Motor_R--Default,-2.1556224799488084,0.0311131557479095,0.052418283390625466,88,-7.233758298271295e-05,0.0001713113871795961,0.046669733621864246
spearman,roi_to_network_z,Hippocampus_L--Default,2.0680018516395244,0.038639848981929716,0.048445795654441556,88,0.07181118997631925,-0.038341217962836516,0.23890663021846978
partial,roi_to_wholebrain_z,DLPFC_R,-1.9138313684215449,0.05564170602133137,0.04178229048918644,88,-7.42808283690059e-05,4.169251999170233e-05,0.14358366451659346
spearman,between_network_z,Cont--Cerebellum,-1.6182007846029565,0.10561933383697937,0.030231088611109427,88,-0.03109294122306941,0.05235226917802152,0.23890663021846978
pearson,within_network_z,Cont,-1.61562020113673,0.10617645354159613,0.030137648583538446,88,-0.01155200009351004,0.05828420158340658,0.1632667462933413
partial_9block,between_network_z,Vis--SalVentAttn,1.538318086183736,0.12397085966336792,0.027399798033092403,88,0.05722322147055887,-0.07045497025445419,0.28336196494484095
partial_9block,between_network_z,SalVentAttn--Vis,1.538318086183729,0.12397085966336967,0.027399798033092157,88,0.05722322147055888,-0.07045497025445407,0.4591300695921939
partial,mean_strength,SalVentAttn,-1.4625751593941936,0.14358366451659346,0.024833385173552467,88,-0.05482943186900968,-0.016398599532563285,0.14358366451659346
pearson,roi_to_network_z,Hippocampus_R--Default,1.4569651633707579,0.14512599670519227,0.024647930415708116,88,0.05181336210705678,-0.03160375681720479,0.1632667462933413
pearson,within_network_z,DorsAttn,-1.4375304836523668,0.15056731750481817,0.02401043423514643,88,-0.035522193704148664,0.031736937588893066,0.33877646438584086
partial,mean_clustering,SalVentAttn,-1.4037825025714346,0.16038362590281396,0.022921849942968395,88,-8.932223576467706e-05,-2.2602513936057812e-05,0.23751169856181395
partial,between_network_z,SomMot--Limbic,1.4018178064305127,0.16096965974727817,0.02285919889265674,88,4.7733431796962496e-05,-0.0001844087482762526,0.23751169856181395
spearman,within_network_z,DorsAttn,-1.3954144901587942,0.16289088423986575,0.022655560812013455,88,-0.03008633229827945,0.03445013661581181,0.23890663021846978
partial,within_network_z,SomMot,-1.3832285685488528,0.1665947925637321,0.02227036790689589,88,4.1449999906852456e-05,0.0002388535393966565,0.23751169856181395
partial,roi_to_network_z,DLPFC_R--DorsAttn,-1.3409610316246015,0.17993310497107118,0.02095821335527076,88,-0.0003346228008103921,-1.7018336487575588e-05,0.23751169856181395
spearman,between_network_z,Limbic--Cerebellum,-1.3153442179872306,0.18839424362114676,0.02018112422647679,88,-0.0158910517775529,0.03568487396593967,0.403202094410478
spearman,roi_to_network_z,Hippocampus_R--SomMot,-1.1325739452254642,0.2573932152978947,0.01504083928291362,88,-0.035061686143976284,0.04177355953532208,0.403202094410478
spearman,roi_to_network_z,Hippocampus_R--DorsAttn,-1.051045077981276,0.293237886843984,0.01298043246775194,88,-0.046012750791151885,0.010852152978916119,0.403202094410478
partial,between_network_z,DorsAttn--Limbic,1.010869566071002,0.312078861974475,0.01201875979076801,88,0.0002638105887881931,-9.811994087481689e-06,0.39610009404452595
partial_9block,between_network_z,SomMot--Cont,-0.9608518306953643,0.3366266734827553,0.010871420843354412,88,-0.10628710493135746,-0.028096058974065058,0.4591300695921939
pearson,mean_strength,DLPFC_R,-0.9284302116119864,0.3531844530841092,0.010157465461411835,88,2.8898784703383313,16.493778160479778,0.4540942968224261
partial,mean_strength,Cont,-0.8792369047032559,0.37927283839087145,0.009119141824944929,88,-0.06176254960152194,-0.02804592589956645,0.5486493757524263
spearman,between_network_z,Subcortical--Cerebellum,-0.8434687199699376,0.3989663527179089,0.008398387347939311,88,-0.007239461605109826,0.033040535935600884,0.42497236853242293
partial_9block,between_network_z,Default--Cont,0.8385198379597036,0.4017388108931682,0.008300940459470333,88,0.05458890431564922,-0.02195164142320427,0.4591300695921939
partial_9block,between_network_z,Cont--Default,0.8385198379597011,0.40173881089316965,0.008300940459470284,88,0.05458890431564911,-0.02195164142320416,0.4591300695921939
pearson,mean_strength,Cont,-0.8276205801766103,0.40788540939553053,0.008088282246370739,88,3.320050113314963,15.140450521033785,0.5436892891187535
pearson,roi_to_wholebrain_z,DLPFC_R,-0.7987639314485326,0.4244273084247987,0.007538264593153781,88,0.003970563377362124,0.03717213561800328,0.5436892891187535
spearman,mean_strength,Vis,-0.7978244535886833,0.42497236853242293,0.007520675823199225,88,2.527003988966314,12.514768406002176,0.42497236853242293
spearman,mean_clustering,DLPFC_R,-0.7446545018479931,0.45648061078745195,0.006558021860421239,88,0.010758002026497043,0.03119571924637657,0.5579207465179968
spearman,roi_to_wholebrain_z,DLPFC_R,-0.6935236825315563,0.48798096889154274,0.005693294823750156,88,0.005926296972835587,0.03316476780670416,0.5650305955586284
pearson,mean_clustering,Motor_L,-0.6814924462561799,0.49555994481667076,0.005498550615429376,88,0.017655795202416447,0.040903700101095314,0.5436892891187535
partial_9block,between_network_z,Subcortical--SalVentAttn,-0.6755774246312323,0.49930897873419877,0.005404028947785788,88,-0.014355321531618087,0.03697560714697204,0.5689432308594355
partial,within_network_z,Cont,-0.6504557151294935,0.5153978984340974,0.005011574725911728,88,-9.747817895820049e-05,1.7397187645033785e-06,0.5486493757524263
pearson,between_network_z,SomMot--Subcortical,-0.6404199177740233,0.5218996372296139,0.0048588674583123805,88,0.010652695410611507,0.04163884054662459,0.5436892891187535
pearson,between_network_z,Cont--Default,-0.6395461428273763,0.5224677059133139,0.0048456820414276985,88,0.011452633577736793,0.04168319564792211,0.5436892891187535
partial_9block,between_network_z,SalVentAttn--Default,0.6228482026042682,0.5333842789307208,0.004597101007833441,88,0.017468724517687828,-0.028472506621970733,0.5689432308594355
pearson,roi_to_network_z,DLPFC_R--Default,-0.6072435583096303,0.5436892891187535,0.004370632042100447,88,0.022659507930277045,0.052597991247620435,0.5436892891187535
pearson,roi_to_network_z,DLPFC_R--Vis,-0.603072424900785,0.5464605097661537,0.004311052803663825,88,-0.033652599826848664,-0.002995873515149447,0.8196907646492305
spearman,within_network_z,Default,0.594938996483633,0.5518842491103603,0.004196038234444778,88,0.04068060124897083,0.017950118454878594,0.6338345901954333
partial,within_network_z,SalVentAttn,0.5922923276748081,0.5536548526603771,0.004158942878968652,88,-8.739374600734602e-05,-0.0003107308228251053,0.6090203379264147
spearman,mean_clustering,Subcortical,-0.5589244768372538,0.5762132638140303,0.0037052270308250445,88,0.01384866982934102,0.028821241298325972,0.6338345901954333
partial_9block,between_network_z,Limbic--Default,-0.5559148005846077,0.5782690998104013,0.0036655767978167426,88,-0.025975220986823422,0.01770122602933527,0.771025466413891
partial_9block,between_network_z,Default--Limbic,-0.555914800584583,0.5782690998104183,0.0036655767978164178,88,-0.025975220986823477,0.017701226029335382,0.771025466413891
spearman,roi_to_network_z,DLPFC_R--Limbic,-0.549858621409484,0.5824163471842662,0.0035864305473218283,88,0.0014926493916491423,0.02330023992778807,0.7537152728266974
spearman,roi_to_network_z,Hippocampus_L--SalVentAttn,-0.5486631282486586,0.5832366543952023,0.0035709080175350062,88,-0.005222184341533757,0.022685299390884178,0.7882784941456409
spearman,between_network_z,Limbic--Subcortical,0.4959413204840418,0.6199358119813005,0.0029195204114924383,88,0.017559298481577473,-0.006670175669047401,0.7882784941456409
partial,roi_to_wholebrain_z,Motor_R,0.4905729836373655,0.6237284983721618,0.0028568371494622578,88,6.935948988684524e-06,-2.045771385859787e-05,0.8069790833530422
spearman,mean_clustering,SalVentAttn,-0.4889601343823877,0.6248699208387349,0.002838136495579375,88,0.016950905631014673,0.02870458960927147,0.7882784941456409
partial,mean_clustering,Default,-0.48080270603125336,0.6306567268294461,0.0027444856662679168,88,-7.94916603668993e-05,-6.049380391428931e-05,0.8069790833530422
partial,roi_to_network_z,Hippocampus_L--SomMot,-0.4614843593109768,0.6444511402642383,0.0025289194694969467,88,-0.0005107525438179945,-0.00018321259625933258,0.8069790833530422
pearson,roi_to_network_z,DLPFC_L--SomMot,0.43454127825190264,0.6638954265085981,0.002242888174138845,88,0.05708240126839851,0.024611407314408168,1.0577876436990832
partial,mean_strength,Subcortical,0.40517683007001837,0.6853475349802757,0.0019505719240445396,88,-0.023641937186015483,-0.06789886027021286,0.8069790833530422
partial,within_network_z,DorsAttn,0.4036324493893262,0.6864830201069274,0.0019357593086990347,88,0.00027655596379861855,0.00018417222380843166,0.8069790833530422
partial,roi_to_network_z,Motor_R--Vis,0.3868137844263477,0.6988940716057087,0.0017780816491249356,88,4.850928468449377e-05,-4.0894146316882335e-05,0.8069790833530422
spearman,roi_to_network_z,DLPFC_R--Default,-0.38143173029865984,0.7028829200610551,0.0017290310460316926,88,0.024649034840236145,0.0435171767780409,0.7882784941456409
pearson,mean_strength,SalVentAttn,-0.3794275857024897,0.7043703689184634,0.0017109401998238439,88,9.77596740914126,13.909465566433894,1.0577876436990832
partial,mean_clustering,Limbic,-0.3729798555143108,0.7091634368860068,0.0016533805272152804,88,-0.00010580080443425757,-0.00010034435596631246,0.8069790833530422
pearson,mean_clustering,Default,-0.3710945279352695,0.710567126588455,0.0016367351427016804,88,0.02061288106113293,0.029380766407277936,1.0577876436990832
partial,modularity_Q,global,0.3669861346213862,0.71362936050492,0.0016007528035814158,88,0.0014655316629343523,0.0007032692738473678,0.8722136628393466
partial,between_network_z,SalVentAttn--Cont,0.33844881876440014,0.7350249903166981,0.0013618048980511572,88,-9.677949239248482e-05,-0.0001419042551396956,0.9907438315703871
partial,roi_to_network_z,DLPFC_R--SalVentAttn,0.31674774117677124,0.7514350202994755,0.0011929695469284423,88,7.587628207062456e-05,-7.214641519263086e-05,0.9907438315703871
spearman,mean_strength,Hippocampus_R,-0.3167244247429195,0.7514527139562617,0.0011927941291379931,88,0.9084330576954756,4.193153979902675,0.7882784941456409
spearman,mean_strength,SomMot,-0.315413585043283,0.7524476535026572,0.0011829528892684485,88,10.605502755429498,14.167111841828742,0.7882784941456409
partial_9block,between_network_z,SalVentAttn--DorsAttn,-0.30658195852257597,0.7591615877580468,0.0011177076328557688,88,-0.09285382040249167,-0.060136750637798886,1.7698919801445134
pearson,within_network_z,Default,0.2907604164720779,0.7712345610358635,0.001005435935766838,88,0.0406813862653142,0.027024447030450705,1.0577876436990832
partial,roi_to_network_z,Motor_R--SalVentAttn,-0.2888376438482682,0.7727056236208242,0.0009921953385743328,88,-5.247228456575423e-05,2.7950736399114107e-05,0.9907438315703871
partial,mean_clustering,Subcortical,0.2794291174033407,0.7799155281843829,0.0009286681031038547,88,-5.012104293237139e-05,-0.00010045859446061647,0.9907438315703871
partial,mean_strength,Cerebellum,0.23343766286159323,0.8154215701517868,0.0006483073111860479,88,0.01600368100034233,-0.0005577535522141019,0.9907438315703871
pearson,between_network_z,SomMot--Default,0.21185715903964375,0.8322184740217394,0.0005340415024780673,88,0.08304904398186749,0.06177810116729231,1.0577876436990832
partial,roi_to_network_z,Motor_L--Default,-0.2010862544678792,0.8406311298172983,0.00048114555104226275,88,1.1006936617428509e-05,2.3414793289891326e-05,0.9907438315703871
partial,roi_to_wholebrain_z,Hippocampus_L,-0.19333022806542324,0.8467003543003018,0.00044476135032064755,88,-1.327539180396263e-06,4.4336068675667004e-05,1.7368772936769592
partial,roi_to_network_z,Hippocampus_R--Subcortical,0.17514530742142911,0.8609654582745234,0.00036505571793833815,88,-0.0001485066774180102,-0.0005136129790442295,1.7368772936769592
pearson,mean_strength,Default,-0.14908101908793367,0.8814897030825694,0.0002645151352818,88,13.99428062822463,14.98420652107447,1.0577876436990832
partial_9block,between_network_z,Cerebellum--DorsAttn,0.1447022152251755,0.884945990072226,0.00024920848787571157,88,0.003856055199927197,-0.011439476515996243,1.7698919801445134
partial_9block,between_network_z,DorsAttn--Cerebellum,0.14470221522513654,0.8849459900722567,0.0002492084878755774,88,0.0038560551999272455,-0.011439476515996173,1.7698919801445134
partial_9block,between_network_z,SalVentAttn--Cerebellum,0.12412982124481908,0.9012124868121284,0.00018339746065739148,88,-0.037289265314600764,-0.04733984700963975,4.806466596331352
partial_9block,between_network_z,Cerebellum--SalVentAttn,0.12412982124481843,0.901212486812129,0.00018339746065738956,88,-0.037289265314600736,-0.04733984700963974,14.419399788994063
partial,mean_strength,Limbic,0.11018007285048687,0.9122665656070744,0.0001444987415406469,88,-0.046316208527817704,-0.08401310259363015,1.7368772936769592
spearman,roi_to_network_z,DLPFC_L--Vis,-0.10202913799818013,0.9187335469863641,0.0001239125604489586,88,-0.014126641401603524,-0.014638753091172768,1.948837870528841
partial,mean_strength,Hippocampus_R,-0.06598770421497763,0.9473876147328869,5.183513568851389e-05,88,-0.016783660692684776,-0.01171254302357605,1.7368772936769592
partial,between_network_z,Cont--Default,-0.051535460823456405,0.9588988457313127,3.1616901795700516e-05,88,-4.455467976165542e-05,-1.529500031389715e-05,2.4341278391641015
pearson,roi_homogeneity,Motor_R,-0.048953644974497106,0.9609562375672559,2.8528464154574542e-05,88,0.005975887416503567,0.004860630416597178,5.765737425403535
partial,between_network_z,SomMot--SalVentAttn,-0.04423492633454066,0.9647171421013012,2.329384676289955e-05,88,-9.873951326443923e-06,6.285323601372232e-07,3.9794582111678674
spearman,roi_to_network_z,Hippocampus_R--Subcortical,0.03206660473914958,0.9744189352644204,1.2241125623209779e-05,88,0.010427481496487756,0.006546871567795043,1.948837870528841
spearman,mean_strength,Default,-0.02234805605702357,0.9821703152504079,5.945626667502253e-06,88,13.631457889863825,12.72650393774039,7.202582311836324
